-- phpMyAdmin SQL Dump
-- version 4.8.2
-- https://www.phpmyadmin.net/
--
-- Host: 127.0.0.1:3306
-- Generation Time: Sep 22, 2018 at 02:14 PM
-- Server version: 5.7.23
-- PHP Version: 7.2.9

SET SQL_MODE = "NO_AUTO_VALUE_ON_ZERO";
SET AUTOCOMMIT = 0;
START TRANSACTION;
SET time_zone = "+00:00";


/*!40101 SET @OLD_CHARACTER_SET_CLIENT=@@CHARACTER_SET_CLIENT */;
/*!40101 SET @OLD_CHARACTER_SET_RESULTS=@@CHARACTER_SET_RESULTS */;
/*!40101 SET @OLD_COLLATION_CONNECTION=@@COLLATION_CONNECTION */;
/*!40101 SET NAMES utf8mb4 */;

--
-- Database: `io_ste`
--

-- --------------------------------------------------------

--
-- Table structure for table `admin`
--

DROP TABLE IF EXISTS `admin`;
CREATE TABLE IF NOT EXISTS `admin` (
  `id` int(11) NOT NULL AUTO_INCREMENT,
  `username` text NOT NULL,
  `password` text NOT NULL,
  PRIMARY KEY (`id`)
) ENGINE=InnoDB AUTO_INCREMENT=2 DEFAULT CHARSET=latin1;

--
-- Dumping data for table `admin`
--

INSERT INTO `admin` (`id`, `username`, `password`) VALUES
(1, 'aris', '$2y$11$S5rO.3tznE4jZEtXvJp4C.AAQGhjO0r9xcDC0iEkr5wey3dyZRPEy');

-- --------------------------------------------------------

--
-- Table structure for table `angkakeluar`
--

DROP TABLE IF EXISTS `angkakeluar`;
CREATE TABLE IF NOT EXISTS `angkakeluar` (
  `id` int(11) NOT NULL AUTO_INCREMENT,
  `angka` varchar(4) COLLATE utf8_unicode_ci NOT NULL,
  `tanggal` date NOT NULL,
  PRIMARY KEY (`id`)
) ENGINE=InnoDB AUTO_INCREMENT=2 DEFAULT CHARSET=utf8 COLLATE=utf8_unicode_ci;

--
-- Dumping data for table `angkakeluar`
--

INSERT INTO `angkakeluar` (`id`, `angka`, `tanggal`) VALUES
(1, '4582', '0000-00-00');

-- --------------------------------------------------------

--
-- Table structure for table `daemons`
--

DROP TABLE IF EXISTS `daemons`;
CREATE TABLE IF NOT EXISTS `daemons` (
  `Start` text NOT NULL,
  `Info` text NOT NULL
) ENGINE=MyISAM DEFAULT CHARSET=utf8;

-- --------------------------------------------------------

--
-- Table structure for table `gammu`
--

DROP TABLE IF EXISTS `gammu`;
CREATE TABLE IF NOT EXISTS `gammu` (
  `Version` int(11) NOT NULL DEFAULT '0'
) ENGINE=MyISAM DEFAULT CHARSET=utf8;

--
-- Dumping data for table `gammu`
--

INSERT INTO `gammu` (`Version`) VALUES
(13);

-- --------------------------------------------------------

--
-- Table structure for table `inbox`
--

DROP TABLE IF EXISTS `inbox`;
CREATE TABLE IF NOT EXISTS `inbox` (
  `UpdatedInDB` timestamp NOT NULL DEFAULT CURRENT_TIMESTAMP ON UPDATE CURRENT_TIMESTAMP,
  `ReceivingDateTime` timestamp NOT NULL DEFAULT '0000-00-00 00:00:00',
  `Text` text NOT NULL,
  `SenderNumber` varchar(20) NOT NULL DEFAULT '',
  `Coding` enum('Default_No_Compression','Unicode_No_Compression','8bit','Default_Compression','Unicode_Compression') NOT NULL DEFAULT 'Default_No_Compression',
  `UDH` text NOT NULL,
  `SMSCNumber` varchar(20) NOT NULL DEFAULT '',
  `Class` int(11) NOT NULL DEFAULT '-1',
  `TextDecoded` text NOT NULL,
  `ID` int(10) UNSIGNED NOT NULL AUTO_INCREMENT,
  `RecipientID` text NOT NULL,
  `Processed` enum('false','true') NOT NULL DEFAULT 'false',
  `isFiltered` int(1) NOT NULL DEFAULT '0',
  PRIMARY KEY (`ID`)
) ENGINE=MyISAM AUTO_INCREMENT=97 DEFAULT CHARSET=utf8;

--
-- Dumping data for table `inbox`
--

INSERT INTO `inbox` (`UpdatedInDB`, `ReceivingDateTime`, `Text`, `SenderNumber`, `Coding`, `UDH`, `SMSCNumber`, `Class`, `TextDecoded`, `ID`, `RecipientID`, `Processed`, `isFiltered`) VALUES
('2018-09-02 11:15:29', '2018-09-02 11:09:32', '002E00360033002E0037003300580038002E002E00340034002E0035003400580036002E002E0036003400580033002E002E0037003400580038002E002E0034003500580033002E002E0035003500580036002E002E00360035002E0037003500580038002E002E00330036003600580032002E002E003100300038002E003100380030002E', '+6285236237757', 'Unicode_No_Compression', '0500036D0806', '+6281107908', -1, '.63.73X8..44.54X6..64X3..74X8..45X3..55X6..65.75X8..366X2..108.180.', 24, '', 'false', 0),
('2018-09-02 11:15:29', '2018-09-02 11:09:22', '003400390039005800310030002E002E003500390039002E003500340032002E0031003500390039002E003900350039003900580035002E002E0034003200580035002E002E00360036005800310030002E002E003100350034003200580035002E002E003700370033002C00360033002C0033003100580032002E002E003700310031002C', '+6285236237757', 'Unicode_No_Compression', '0500036D0804', '+6281107908', -1, '499X10..599.542.1599.9599X5..42X5..66X10..1542X5..773,63,31X2..711,', 22, '', 'false', 0),
('2018-09-02 11:15:29', '2018-09-02 11:09:27', '0031003300580033002E002E00370031002C0038003100580035002E002E003700330038002C00310039002C00370033002C0031003100580036002E002E0038003300580038002E002E00330038005800320032002E002E0034003200580038002E002E0035003200580033002E002E00360032002E00370032002E00340033002E00350033', '+6285236237757', 'Unicode_No_Compression', '0500036D0805', '+6281107908', -1, '13X3..71,81X5..738,19,73,11X6..83X8..38X22..42X8..52X3..62.72.43.53', 23, '', 'false', 0),
('2018-09-02 11:15:29', '2018-09-02 11:09:11', '00300039002E0034003000350039002E0035003000330038002E0039003000330038002E0033003900300038002E0039003300300038002E0035003000320033002E0035003600320033002E0034003200360030002E0032003400360030002E0036003000340032002E003600300032003400580031002E002E0031003900380034002E0039', '+6285236237757', 'Unicode_No_Compression', '0500036D0802', '+6281107908', -1, '09.4059.5038.9038.3908.9308.5023.5623.4260.2460.6042.6024X1..1984.9', 20, '', 'false', 0),
('2018-09-02 11:15:29', '2018-09-02 11:09:17', '0038003400580033002E002E0030003900330035002E0033003500300039002E003000390032003600580036002E002E0033003800320036002E0037003900360030002E003900370036003000580032002E002E00390039005800310035002E002E0030003500580035002E002E00310035005800310035002E002E003400390039002E0030', '+6285236237757', 'Unicode_No_Compression', '0500036D0803', '+6281107908', -1, '84X3..0935.3509.0926X6..3826.7960.9760X2..99X15..05X5..15X15..499.0', 21, '', 'false', 0),
('2018-09-02 11:15:29', '2018-09-02 11:08:51', '0035002E00370033002E00320034002E00340030002E00380032002E00390031002E00320039002E0033003500580035002E002E00370030002E0036003100580036002E002E0038003400580037002E002E00330037005800310030002E002E00340032002E00340035002E00340037002E00340033005800310032002E002E003300360058', '+6285236237757', 'Unicode_No_Compression', '050003280605', '+6281107908', -1, '5.73.24.40.82.91.29.35X5..70.61X6..84X7..37X10..42.45.47.43X12..36X', 17, '', 'false', 0),
('2018-09-02 11:15:29', '2018-09-02 11:08:55', '00320035002E002E00360035005800330030002E002E', '+6285236237757', 'Unicode_No_Compression', '050003280606', '+6281107908', -1, '25..65X30..', 18, '', 'false', 0),
('2018-09-02 11:15:29', '2018-09-02 11:09:06', '004A00450032002E002E00390036003500580033002E002E0037003900360035002E003500330036003500580032002E002E0031003700300038002E0037003900300038002E0039003700300038002E0037003100380030002E0037003100300038002E0035003000300038002E0035003000300039002E0035003000390030002E00340030', '+6285236237757', 'Unicode_No_Compression', '0500036D0801', '+6281107908', -1, 'JE2..965X3..7965.5365X2..1708.7908.9708.7180.7108.5008.5009.5090.40', 19, '', 'false', 0),
('2018-09-02 11:15:29', '2018-09-02 11:08:41', '0034002E003800370034002E003400370030002E003600390030002E003100360030002E003100380032002E00390035002E00350039002E00300039002E00310035002E00320033002E00320034002E00370037002E00390030002E00370031002E00310037002E00310038002E00320031002E0031003200580032002E002E003600310032', '+6285236237757', 'Unicode_No_Compression', '050003280603', '+6281107908', -1, '4.874.470.690.160.182.95.59.09.15.23.24.77.90.71.17.18.21.12X2..612', 15, '', 'false', 0),
('2018-09-02 11:15:29', '2018-09-02 11:08:46', '002E00310032002E00330031002E00340031002E00350033002E00350036002E00300036002E00370038002E00380037002E00370034002E00340037002E00370032002E0032003700580033002E002E00390030002E00350034002E0031003400580034002E002E0038003500370033002E003500370033002E003900360035002E00390033', '+6285236237757', 'Unicode_No_Compression', '050003280604', '+6281107908', -1, '.12.31.41.53.56.06.78.87.74.47.72.27X3..90.54.14X4..8573.573.965.93', 16, '', 'false', 0),
('2018-09-02 11:17:21', '2018-09-02 11:17:07', '004A00460032002E002E003900300038002E003900390038002E003000360038002E00300038002E00390038002E00360038002E003200380039002E003400380039002E0038003900580034002E002E003400320038002E003200340038002E00320038002E0034003800580033002E002E00320035002E00390038002E00340033002E00350034002E00330035003400580035002E002E003000340031002E003300340031002E003300390036002E003400330031002E003600330031002E0033003100580036002E002E003100330038002E00330038002E00390035002E00390036002E00390037002E00390038002E0032003100580035002E002E00330038002E00320037005800320030002E002E00300037002E00300039005800310030002E002E00340037005800320030002E', '+6282245244819', 'Default_No_Compression', '050003210301', '+6281107908', -1, 'JF2..908.998.068.08.98.68.289.489.89X4..428.248.28.48X3..25.98.43.54.354X5..041.341.396.431.631.31X6..138.38.95.96.97.98.21X5..38.27X20..07.09X10..47X20.', 82, '', 'false', 0),
('2018-09-02 11:15:29', '2018-09-02 11:08:36', '002E002E0030003300580035002E002E00310037002E0037003100580035002E002E00360038005800310032002E002E0038003600580032002E002E0038003400580035002E002E0034003800580032002E002E0034003900580032002E002E00340036003800580032002E002E00350030002E0036003000580036002E002E003500380037', '+6285236237757', 'Unicode_No_Compression', '050003280602', '+6281107908', -1, '..03X5..17.71X5..68X12..86X2..84X5..48X2..49X2..468X2..50.60X6..587', 14, '', 'false', 0),
('2018-09-02 11:15:29', '2018-09-02 11:08:30', '004A00450031002E002E00310030005800310030002E002E00320030005800310030002E00340030005800310030002E002E00350030005800310030002E002E00340036005800310030002E002E0032003900580035002E002E0039003200580035002E002E0035003800580035002E002E0030003000580035002E002E0039003900580035', '+6285236237757', 'Unicode_No_Compression', '050003280601', '+6281107908', -1, 'JE1..10X10..20X10.40X10..50X10..46X10..29X5..92X5..58X5..00X5..99X5', 13, '', 'false', 0),
('2018-09-02 11:15:29', '2018-09-02 11:09:38', '003100380037002E003200340037002E00350035003700580031002E002E00380036003600580036002E002E00330038003800580032002E002E003600340032002E003800340032002E00370034003200580031002E002E00310030003300580035002E002E00330030003300580032002E002E00300038002E0038003100580031002E002E', '+6285236237757', 'Unicode_No_Compression', '0500036D0807', '+6281107908', -1, '187.247.557X1..866X6..388X2..642.842.742X1..103X5..303X2..08.81X1..', 25, '', 'false', 0),
('2018-09-02 11:15:29', '2018-09-02 11:09:43', '00350037002E00370035002E00340037002E0037003400580032002E002E00360036005800310035002E002E00320033002E00340032002E0035003800580033002E002E0030003300580035002E002E0031003500580036002E002E', '+6285236237757', 'Unicode_No_Compression', '0500036D0808', '+6281107908', -1, '57.75.47.74X2..66X15..23.42.58X3..03X5..15X6..', 26, '', 'false', 0),
('2018-09-02 11:15:29', '2018-09-02 11:09:54', '004A00450034002E002E00310030002C00310037002C00370031002C00310032002C00320031002C00320032002C00340034002C00350035002C00350037002C00370032002C00390035002C0039003900580031002E002E0034003800580035002E002E0036003800580032002E002E0037003300580035002E002E0036003200580033002E', '+6285236237757', 'Unicode_No_Compression', '050003510801', '+6281107908', -1, 'JE4..10,17,71,12,21,22,44,55,57,72,95,99X1..48X5..68X2..73X5..62X3.', 27, '', 'false', 0),
('2018-09-02 11:15:29', '2018-09-02 11:09:59', '002E0033003700580035002E002E0031003200580036002E002E0034003800390033002E003800390033002E0039003300580032002E002E00310037002E00310036002E00330036002E00330037002E00370031002E00360031002E00360033002E00370033002E0036003600580035002E002E00330038002E00330037002E00370033002E', '+6285236237757', 'Unicode_No_Compression', '050003510802', '+6281107908', -1, '.37X5..12X6..4893.893.93X2..17.16.36.37.71.61.63.73.66X5..38.37.73.', 28, '', 'false', 0),
('2018-09-02 11:15:29', '2018-09-02 11:10:05', '00310039005800310030002E002E00380033002E0039003100580035002E002E003800340031002E003900320030002E003500360033002E003700350038002E00340031002E00360033002E00350038002E0032003200580033002E002E003400320033002E00330033002E0034003300580031002E002E00320031002E00320032002E0032', '+6285236237757', 'Unicode_No_Compression', '050003510803', '+6281107908', -1, '19X10..83.91X5..841.920.563.758.41.63.58.22X3..423.33.43X1..21.22.2', 29, '', 'false', 0),
('2018-09-02 11:15:29', '2018-09-02 11:10:10', '003400580032002E002E00330032002E0035003800580033002E002E0032003300580037002E002E0032003500300038002E003500300038002E00300038002E0035003800580035002E002E00340033005800310030002E002E00340038005800310035002E002E00330037005800310030002E002E00370033002E0031003900580035002E', '+6285236237757', 'Unicode_No_Compression', '050003510804', '+6281107908', -1, '4X2..32.58X3..23X7..2508.508.08.58X5..43X10..48X15..37X10..73.19X5.', 30, '', 'false', 0),
('2018-09-02 11:15:29', '2018-09-02 11:10:15', '002E0036003100580033002E002E0039003600580031002E002E0031003600580033002E002E0034003700580036002E002E00370039002E00370034002E0035003900580032002E002E0031003900580037002E002E00340032002E00370031002E00370035002E0039003500580033002E002E0039003100580035002E002E003300360058', '+6285236237757', 'Unicode_No_Compression', '050003510805', '+6281107908', -1, '.61X3..96X1..16X3..47X6..79.74.59X2..19X7..42.71.75.95X3..91X5..36X', 31, '', 'false', 0),
('2018-09-02 11:15:29', '2018-09-02 11:10:20', '0034002E002E00350031002C00330038002C00330039002E00340038002C00380033002E0039003300580032002E002E003000340038002C003000340039002E0038003000340038002C003800300034003900580031002E002E00330035005800310030002E002E0035003300580035002E002E0031003900360039002E0031003900390036', '+6285236237757', 'Unicode_No_Compression', '050003510806', '+6281107908', -1, '4..51,38,39.48,83.93X2..048,049.8048,8049X1..35X10..53X5..1969.1996', 32, '', 'false', 0),
('2018-09-02 11:15:29', '2018-09-02 11:10:26', '002E003900390036002E00390036003900580032002E002E0037003900580038002E002E00370035002E00350037002E00370034002E0039003600580033002E002E0030003300350030002E003000330039003700580031002E002E003300350030002E00330039003700580032002E002E00350037002E00370032002E0035003300580032', '+6285236237757', 'Unicode_No_Compression', '050003510807', '+6281107908', -1, '.996.969X2..79X8..75.57.74.96X3..0350.0397X1..350.397X2..57.72.53X2', 33, '', 'false', 0),
('2018-09-02 11:15:29', '2018-09-02 11:10:30', '002E002E0039003700580034002E002E003800350031003300580032002E002E00350031003300580033002E002E00310033002E00350038002E0035003500580035002E002E0035003000580031002E002E00350038002E0034003700580032002E002E', '+6285236237757', 'Unicode_No_Compression', '050003510808', '+6281107908', -1, '..97X4..8513X2..513X3..13.58.55X5..50X1..58.47X2..', 34, '', 'false', 0),
('2018-09-02 11:15:30', '2018-09-02 11:10:37', '004A00450033002E002E00350032002E00320038002E00320032002E00340034002E00360036002E0039003900580031002E002E00340036002E00360034005800310035002E002E00370034002E00340037002E00350039002E00390030002E00390039002E00380030002E00300038002E00350033002E00330038002E0038003300580035', '+6285236237757', 'Unicode_No_Compression', '050003CA0801', '+6281107908', -1, 'JE3..52.28.22.44.66.99X1..46.64X15..74.47.59.90.99.80.08.53.38.83X5', 35, '', 'false', 0),
('2018-09-02 11:15:30', '2018-09-02 11:10:43', '002E002E00370033002E00320033002E0033003300580033002E002E0031003000580035002E002E00360036002E0039003700580031002E002E00360032002E0038003400580032002E002E00360035002E00310033002E00320033002E00330033002E00310038002E00320038002E0033003800580035002E002E00310032002E00310035', '+6285236237757', 'Unicode_No_Compression', '050003CA0802', '+6281107908', -1, '..73.23.33X3..10X5..66.97X1..62.84X2..65.13.23.33.18.28.38X5..12.15', 36, '', 'false', 0),
('2018-09-02 11:15:30', '2018-09-02 11:10:48', '002E00310039002E00340036002E00340031002E00300037002E00380031002E00300035002E00390032002E00370034002E00340032002E0032003500580031002E002E00320036005800310030002E002E00350038002E00350030002E0038003400580033002E002E00360030002E00340030002E00390030002E00380030002E00340030', '+6285236237757', 'Unicode_No_Compression', '050003CA0803', '+6281107908', -1, '.19.46.41.07.81.05.92.74.42.25X1..26X10..58.50.84X3..60.40.90.80.40', 37, '', 'false', 0),
('2018-09-02 11:15:30', '2018-09-02 11:10:53', '002E00340036002E00360034002E00310030002E0034003900580035002E002E00390030002E00340030002E00380030002E0030003900580036002E002E00310032002E00310033002E00310034002E00320032002E00320033002E00320034002E00330032002E00330033002E00330034002E00310031002E00330031002E00320031002E', '+6285236237757', 'Unicode_No_Compression', '050003CA0804', '+6281107908', -1, '.46.64.10.49X5..90.40.80.09X6..12.13.14.22.23.24.32.33.34.11.31.21.', 38, '', 'false', 0),
('2018-09-02 11:15:30', '2018-09-02 11:10:58', '00300034002E00340030002E0034003100580033002E002E003700370032002E003700370031002E00380038003200580033002E00380036003000580032002E002E00370032002E00370031002E0038003200580034002E002E00370030002E00320030002E00360030002E00360039002E0036003200580033002E002E00390031002E0039', '+6285236237757', 'Unicode_No_Compression', '050003CA0805', '+6281107908', -1, '04.40.41X3..772.771.882X3.860X2..72.71.82X4..70.20.60.69.62X3..91.9', 39, '', 'false', 0),
('2018-09-02 11:15:30', '2018-09-02 11:11:03', '0039002E00390035002E00390037002E00370037002E00370030002E00340030002E00350030002E00360030002E00360031002E0035003100580031002E002E00390036002E00350037002E00370035002E00360037002E00370039002E003300360039002E00320036003900580032002E002E0036003900580035002E002E00350039002E', '+6285236237757', 'Unicode_No_Compression', '050003CA0806', '+6281107908', -1, '9.95.97.77.70.40.50.60.61.51X1..96.57.75.67.79.369.269X2..69X5..59.', 40, '', 'false', 0),
('2018-09-02 11:15:30', '2018-09-02 11:11:09', '0037003600580033002E002E00310037002E003200370036002E0033003300370036002E0033003300360039002E0031003200360039002E0031003200350039002E00330037003200580031002E002E003300350039002E003200350039002E003300370036002E00370032002E0032003300580032002E002E0033003200580033002E002E', '+6285236237757', 'Unicode_No_Compression', '050003CA0807', '+6281107908', -1, '76X3..17.276.3376.3369.1269.1259.372X1..359.259.376.72.23X2..32X3..', 41, '', 'false', 0),
('2018-09-02 11:15:30', '2018-09-02 11:11:13', '003400350039002E0034003700580033002E002E0035003900580035002E002E0032003700370031002E003700370031002E003400310037002E00310037002E00310034002E0034003100580031002E002E0037003100580032002E002E', '+6285236237757', 'Unicode_No_Compression', '050003CA0808', '+6281107908', -1, '459.47X3..59X5..2771.771.417.17.14.41X1..71X2..', 42, '', 'false', 0),
('2018-09-02 11:15:30', '2018-09-02 11:11:28', '004A00450035002E002E00320035002E00350032002E00320036002E00360032002E00320037002E00370032002E00350039002E0039003500580031002E002E00390031002E00320039002E00390032002E00360037002E00370036002E00360039002E00390036002E00370039002E0039003700580032002E002E00370031002E00350037', '+6285236237757', 'Unicode_No_Compression', '050003550901', '+6281107908', -1, 'JE5..25.52.26.62.27.72.59.95X1..91.29.92.67.76.69.96.79.97X2..71.57', 43, '', 'false', 0),
('2018-09-02 11:15:30', '2018-09-02 11:11:33', '002E00370035002E00330033002E00370037002E00330035002E00350033002E00330036002E00360033002E00330037002E00370033002E00370036002E0036003700580033002E002E003100370031002E003300370031002E003100350037002E003300350037002E003100370035002E00330037003500580032002E002E00390032002C', '+6285236237757', 'Unicode_No_Compression', '050003550902', '+6281107908', -1, '.75.33.77.35.53.36.63.37.73.76.67X3..171.371.157.357.175.375X2..92,', 44, '', 'false', 0),
('2018-09-02 11:15:30', '2018-09-02 11:11:38', '00390036002C00390037002C0039003800580033002E002E00380030002C00380034002C00380035002C00380031002C0039003300580032002E00320039002E00330039002E00380039002E0039003800580031002E002E003900380037002E0038003700580031002E002E00380036002E0036003800580033002E002E0032003100330030', '+6285236237757', 'Unicode_No_Compression', '050003550903', '+6281107908', -1, '96,97,98X3..80,84,85,81,93X2.29.39.89.98X1..987.87X1..86.68X3..2130', 45, '', 'false', 0),
('2018-09-02 11:15:30', '2018-09-02 11:11:43', '002E003000330035003100580031002E002E00350031002E0030003200580034002E002E0033003600580035002E002E00320033003600580032002E002E0031003900580038002E002E00310037002E00310038002E00390038002E00380035002E00330033002E0038003800580033002E002E0037003100580034002E002E00330038002E', '+6285236237757', 'Unicode_No_Compression', '050003550904', '+6281107908', -1, '.0351X1..51.02X4..36X5..236X2..19X8..17.18.98.85.33.88X3..71X4..38.', 46, '', 'false', 0),
('2018-09-02 11:15:30', '2018-09-02 11:11:49', '0038003300580035002E002E00380034002E00380031002E00370038002E00380037002E00310030002E00310036002E00380039002E0035003800580032002E002E003100310039002E003700310039002E003700350035002E003100350035002E003900310039002E00370033003800580031002E002E0033003900580037002E002E0037', '+6285236237757', 'Unicode_No_Compression', '050003550905', '+6281107908', -1, '83X5..84.81.78.87.10.16.89.58X2..119.719.755.155.919.738X1..39X7..7', 47, '', 'false', 0),
('2018-09-02 11:15:30', '2018-09-02 11:11:55', '0039002E00330038002E00380033002E00340039002E00350039002E00390030002E003200370032002E00370032002E00320032002E0032003100580035002E002E0033003800580038002E002E003600340039002E0034003900580031002E002E0037003700330035002E003700330035002E003600370038002E003600320035002E0036', '+6285236237757', 'Unicode_No_Compression', '050003550906', '+6281107908', -1, '9.38.83.49.59.90.272.72.22.21X5..38X8..649.49X1..7735.735.678.625.6', 48, '', 'false', 0),
('2018-09-02 11:15:30', '2018-09-02 11:12:00', '00370030002E00370036003900580031002E002E00330035002E00320035002E00360030002E0034003900580032002E002E00370038002E00370030002E00360039002E003600340039002E00340037002E003700350034002E00350034002E00360033002E00380034002E00310039002E003100390038003400580031002E002E00310039', '+6285236237757', 'Unicode_No_Compression', '050003550907', '+6281107908', -1, '70.769X1..35.25.60.49X2..78.70.69.649.47.754.54.63.84.19.1984X1..19', 49, '', 'false', 0),
('2018-09-02 11:15:30', '2018-09-02 11:12:05', '00580035002E002E0032003100580036002E002E00300035005800310034002E002E00380035002E0036003900580032002E002E00350038002E0035003900580031002E002E0039003600580032002E002E00380039002E0039003800580033002E002E003000350039002E00350039003000580038002E002E00390030002E003500390058', '+6285236237757', 'Unicode_No_Compression', '050003550908', '+6281107908', -1, 'X5..21X6..05X14..85.69X2..58.59X1..96X2..89.98X3..059.590X8..90.59X', 50, '', 'false', 0),
('2018-09-02 11:15:30', '2018-09-02 11:12:09', '0035002E002E00320039002E0039003200580038002E002E00370039002E0039003700580032002E002E', '+6285236237757', 'Unicode_No_Compression', '050003550909', '+6281107908', -1, '5..29.92X8..79.97X2..', 51, '', 'false', 0),
('2018-09-02 11:15:30', '2018-09-02 11:12:16', '004A00450037002E002E003100390037002E003300370034002E003700350030002E00370033003800580033002E002E003700340035002E00370035003800580036002E002E003900380036002E00390036003800580032002E002E003600390032002E003500340039002E003500330035002E003400330035002E003800320033002E0036', '+6285236237757', 'Unicode_No_Compression', '050003110901', '+6281107908', -1, 'JE7..197.374.750.738X3..745.758X6..986.968X2..692.549.535.435.823.6', 52, '', 'false', 0),
('2018-09-02 11:15:30', '2018-09-02 11:12:21', '00330034002E003400300037002E003900370030002E003300320035002E003400340032002E00390034003200580031002E002E0039003400340032002E003300350034003900580031002E002E00340039002E0039003400580033002E002E00360038002E0038003600580035002E002E00300033002E00330030002E00330035002E0035', '+6285236237757', 'Unicode_No_Compression', '050003110902', '+6281107908', -1, '34.407.970.325.442.942X1..9442.3549X1..49.94X3..68.86X5..03.30.35.5', 53, '', 'false', 0),
('2018-09-02 11:15:30', '2018-09-02 11:12:26', '0033002E00340039002E00330035002E00320035002E00320033002E00330034002E00340032002E0039003200580032002E002E00350031003700580032002E002E003200340031002E003200310034002E003100340032005800310030002E002E00360033002E00370033002E00350033002E0037003600580035002E002E00350039002E', '+6285236237757', 'Unicode_No_Compression', '050003110903', '+6281107908', -1, '3.49.35.25.23.34.42.92X2..517X2..241.214.142X10..63.73.53.76X5..59.', 54, '', 'false', 0),
('2018-09-02 11:15:30', '2018-09-02 11:12:31', '00390035002E00350033002E00300031002E00330035002E00350033002E0032003700580032002E002E00330035002E0032003800580038002E002E00350039002E00350031002E0033003900580037002E002E00340039002E00350038002E00350032002E00360031002E00390037002E00370034002E00350038002E0038003500580036', '+6285236237757', 'Unicode_No_Compression', '050003110904', '+6281107908', -1, '95.53.01.35.53.27X2..35.28X8..59.51.39X7..49.58.52.61.97.74.58.85X6', 55, '', 'false', 0),
('2018-09-02 11:15:30', '2018-09-02 11:12:36', '002E002E00390038002E00360031002E00360037002E00330035002E00330037002E00330036002E0037003700580033002E002E00310034002E00340031005800330030002E002E00380033002E00380037005800310030002E002E003400320031002E003300320031002E003500320031002E003800340032002E003300340032002E0039', '+6285236237757', 'Unicode_No_Compression', '050003110905', '+6281107908', -1, '..98.61.67.35.37.36.77X3..14.41X30..83.87X10..421.321.521.842.342.9', 56, '', 'false', 0),
('2018-09-02 11:15:30', '2018-09-02 11:12:42', '00340033002E003700340033002E003500320032002E003500340032002E003500340031002E003200350039002C00320039003500580032002E002E00350039002C0039003500580038002E002E00300036002E00340036002E00310036002E0038003900580035002E002E00320039002C00390032002C00370039002C0039003700580034', '+6285236237757', 'Unicode_No_Compression', '050003110906', '+6281107908', -1, '43.743.522.542.541.259,295X2..59,95X8..06.46.16.89X5..29,92,79,97X4', 57, '', 'false', 0),
('2018-09-02 11:15:30', '2018-09-02 11:12:47', '002E002E00360034002E00360030002E00320037002C00370032002C00300037002C0037003000580033002E002E00310034005800320035002C002E00320034005800310032002C002E00380034005800310030002E002E00310039002C00390031002C00370039002C0037003000580037002E002E0033003500580036002E002E00390033', '+6285236237757', 'Unicode_No_Compression', '050003110907', '+6281107908', -1, '..64.60.27,72,07,70X3..14X25,.24X12,.84X10..19,91,79,70X7..35X6..93', 58, '', 'false', 0),
('2018-09-02 11:15:30', '2018-09-02 11:12:52', '002C00330039002C0037003400580034002E002E00360031002C00340039002C00370031002C00370035002C0035003900580033002E002E00370033002C00300032002C00310037002C0036003500580032002C002E00350038003400580038002E002E003200330035002C003200310039002C003400390031002C003200370039002C0035', '+6285236237757', 'Unicode_No_Compression', '050003110908', '+6281107908', -1, ',39,74X4..61,49,71,75,59X3..73,02,17,65X2,.584X8..235,219,491,279,5', 59, '', 'false', 0),
('2018-09-02 11:15:30', '2018-09-02 11:12:56', '0037003000580033002E002E003900330035002C003100320033003500580032002C002E0032003900330035002C00320036003100580031002E002E', '+6285236237757', 'Unicode_No_Compression', '050003110909', '+6281107908', -1, '70X3..935,1235X2,.2935,261X1..', 60, '', 'false', 0),
('2018-09-02 11:15:31', '2018-09-02 11:13:03', '004A00450036002E002E00370033005800320035002E002E00330037002E00330038002E0038003300580035002E002E00330033002E00370037002E0038003800580033002E002E00320031002E00340031005800310035002E002E00370037005800310033002E002E00350038002E00360038005800310035002E002E00320037002E0035', '+6285236237757', 'Unicode_No_Compression', '050003D80701', '+6281107908', -1, 'JE6..73X25..37.38.83X5..33.77.88X3..21.41X15..77X13..58.68X15..27.5', 61, '', 'false', 0),
('2018-09-02 11:15:31', '2018-09-02 11:13:08', '0037005800320030002E002E00360037005800310037002E002E003100320031002E003100320037002E003100350037002E003100370037002E003100360037002E003100350038002E003100360038002E00310034003100580031002E002E0033003100320031002E0032003100340031002E0032003100370037002E0032003100350038', '+6285236237757', 'Unicode_No_Compression', '050003D80702', '+6281107908', -1, '7X20..67X17..121.127.157.177.167.158.168.141X1..3121.2141.2177.2158', 62, '', 'false', 0),
('2018-09-02 11:15:31', '2018-09-02 11:13:14', '002E0032003100360038002E0032003100320037002E0032003100350037002E003200310036003700580031002E002E003900350034005800320035002E002E003500300035002E003500300037002E003500310037002E00350031003500580031002E002E003500310035002E003500300035002E003500300032002E0035003000330058', '+6285236237757', 'Unicode_No_Compression', '050003D80703', '+6281107908', -1, '.2168.2127.2157.2167X1..954X25..505.507.517.515X1..515.505.502.503X', 63, '', 'false', 0),
('2018-09-02 11:15:31', '2018-09-02 11:13:19', '0032002E002E00350030005800310034002E002E00300035002E00350034002E00340035002E00350038005800320035002E002E00380035002E00380037002E00380033002E00350038002E00330038002E00390037005800310030002E002E00350035002E00350036002E00350034002E00380034002E00360034002E00390034002E0034', '+6285236237757', 'Unicode_No_Compression', '050003D80704', '+6281107908', -1, '2..50X14..05.54.45.58X25..85.87.83.58.38.97X10..55.56.54.84.64.94.4', 64, '', 'false', 0),
('2018-09-02 11:15:31', '2018-09-02 11:13:24', '0036002E00300035002E00380036002E0030003800580032002E002E00310031002E0031003500580033002E002E00330037002E00370033002E00310037002E00370031002E0035003000580036002E002E003400300031003300580033002E002E00300031003300580033002E002E003500350033003100580031002E002E003500330031', '+6285236237757', 'Unicode_No_Compression', '050003D80705', '+6281107908', -1, '6.05.86.08X2..11.15X3..37.73.17.71.50X6..4013X3..013X3..5531X1..531', 65, '', 'false', 0),
('2018-09-02 11:15:31', '2018-09-02 11:13:29', '00580031002E002E003000310039002E00360030003800580032002E002E0033003600300038002E0039003000310039002E003100300031003900580032002E002E0032003100580034002E002E00310033002E0039003000580033002E002E00320035002E00370035002E0032003500580035002E002E00330031002E00320035002E0035', '+6285236237757', 'Unicode_No_Compression', '050003D80706', '+6281107908', -1, 'X1..019.608X2..3608.9019.1019X2..21X4..13.90X3..25.75.25X5..31.25.5', 66, '', 'false', 0),
('2018-09-02 11:15:31', '2018-09-02 11:13:34', '0036002E00340035002E00370030002E0034003000580036002E002E00300033002E00300032002E00300035002E00330032002E00350032002E00380035002E00320035002E00320033002E00370030002E00350038002E00360037002E00390034002E00300037002E00350037002E0030003600580032002E002E', '+6285236237757', 'Unicode_No_Compression', '050003D80707', '+6281107908', -1, '6.45.70.40X6..03.02.05.32.52.85.25.23.70.58.67.94.07.57.06X2..', 67, '', 'false', 0),
('2018-09-02 11:15:31', '2018-09-02 11:14:26', '004A00450038002E002E003800390030002E003800390031002E003700390030002E0035003700390031002E003500370039003000580031002E002E00330031002E0031003300580035002E002E00390030002E0039003100580033002E002E00380030002E00380031002E00310039002E0037003500580032002E002E00340033002E0031', '+6285236237757', 'Unicode_No_Compression', '0500037A0501', '+6281107908', -1, 'JE8..890.891.790.5791.5790X1..31.13X5..90.91X3..80.81.19.75X2..43.1', 68, '', 'false', 0),
('2018-09-02 11:15:31', '2018-09-02 11:14:31', '0033002E00300032002E00340032002E0032003700580031002E002E00360031002C00360039002C0036003800580034002E002E00330031002C00330039002C00330038002C00320038002C00320039002C0032003100580032002E002E003200360031002C003000360038002C00340036003800580032002E002E00330038002E00310038', '+6285236237757', 'Unicode_No_Compression', '0500037A0502', '+6281107908', -1, '3.02.42.27X1..61,69,68X4..31,39,38,28,29,21X2..261,068,468X2..38.18', 69, '', 'false', 0),
('2018-09-02 11:15:31', '2018-09-02 11:14:37', '002E0032003800580035002E002E00340038002E0033003500580033002E002E003400330038002E003300310038002E003300320038002E00340033003500580031002E002E00320035003100580039002E002E00350031005800340030002E002E00350038005800320030002E002E0031003500580036002E002E003800370039002E0037', '+6285236237757', 'Unicode_No_Compression', '0500037A0503', '+6281107908', -1, '.28X5..48.35X3..438.318.328.435X1..251X9..51X40..58X20..15X6..879.7', 70, '', 'false', 0),
('2018-09-02 11:15:31', '2018-09-02 11:14:43', '0037003900580032002E002E00370039005800320030002E002E00370034002E00370033002E00370031002E00370030005800310030002E002E00340035005800310033002E002E0035003800580036002E002E0035003200580032002E002E00330031002C0031003300580031002E002E00370034003500580032002E002E00310035002E', '+6285236237757', 'Unicode_No_Compression', '0500037A0504', '+6281107908', -1, '79X2..79X20..74.73.71.70X10..45X13..58X6..52X2..31,13X1..745X2..15.', 71, '', 'false', 0),
('2018-09-02 11:15:31', '2018-09-02 11:14:47', '0035003100580036002E002E00310039002E00390031002E00310032002E00320031002E00300031002E0031003000580033002E002E', '+6285236237757', 'Unicode_No_Compression', '0500037A0505', '+6281107908', -1, '51X6..19.91.12.21.01.10X3..', 72, '', 'false', 0),
('2018-09-02 11:15:31', '2018-09-02 11:14:53', '004A00450039002E002E003700320035003800580032002E002E003100310037003200580032002E002E003500380031003100580032002E002E003500380037003200580032002E002E003700320031003100580032002E002E003100310035003800580032002E002E0035003800580036002E002E0037003200580037002E002E00310031', '+6285236237757', 'Unicode_No_Compression', '050003260501', '+6281107908', -1, 'JE9..7258X2..1172X2..5811X2..5872X2..7211X2..1158X2..58X6..72X7..11', 73, '', 'false', 0),
('2018-09-02 11:15:31', '2018-09-02 11:14:59', '005800310035002E002E0033003100580036002E002E0033003600580036002E002E0031003700580034002E002E00360037002E0037003600580036002E002E003100320038002E0032003800580035002E002E00380035002E00350038005800310030002E002E003500350038002E00380038003500580035002E002E00390034002E0034', '+6285236237757', 'Unicode_No_Compression', '050003260502', '+6281107908', -1, 'X15..31X6..36X6..17X4..67.76X6..128.28X5..85.58X10..558.885X5..94.4', 74, '', 'false', 0),
('2018-09-02 11:15:31', '2018-09-02 11:15:04', '003900580035002E002E003200390034002E003200340039002E003700390034002E00370034003900580032002E002E0037003200390034002E0037003200340039002E0032003700390034002E0032003700340039002E003700350034002E003700360034002E003900370034002E003900380034002E003900370030002E003300370031', '+6285236237757', 'Unicode_No_Compression', '050003260503', '+6281107908', -1, '9X5..294.249.794.749X2..7294.7249.2794.2749.754.764.974.984.970.371', 75, '', 'false', 0),
('2018-09-02 11:15:31', '2018-09-02 11:15:09', '002E003900370032002E00390037003300580031002E002E00350034002E00360034002E00370034002E00380034002E00370030002E00370031002E00370032002E0037003300580032002E002E00340035002E00340036002E00340037002E00340038002E00300037002E00310037002E00320037002E0033003700580032002E002E0038', '+6285236237757', 'Unicode_No_Compression', '050003260504', '+6281107908', -1, '.972.973X1..54.64.74.84.70.71.72.73X2..45.46.47.48.07.17.27.37X2..8', 76, '', 'false', 0),
('2018-09-06 23:25:58', '2018-09-02 11:15:14', '00370036002C00380036003700580033002E002E00360037002C0037003600580031002E002E00390033002E00390034002E00390036002E00390037002E0038003300580032002E002E', '+6285236237757', 'Unicode_No_Compression', '050003260505', '+6281107908', -1, '76,867X3..67,76X1..93.94.96.97.83X2..', 77, '', 'false', 0),
('2018-09-02 11:16:05', '2018-09-02 11:15:35', '004A00460031002E002E00300035002E00300039005800360030002E002E00350030002E00390030005800330030002E002E00350035002E00390039002E00300030005800310030002E002E00370037002E00300031002E00370035002E00310035002E00300036002E00300038002E00300037002E00330035002E00360035002E00380035002E0039003500580036002E002E00390039002E0030003000580035002E002E00340039002E00330039002E00320039005800350033002E002E00340036002E00340035005800320038002E002E00310039003500580034002E002E003300310039003500580032002E002E00330035002E00360035002E00340035005800320038002E002E00300035002E00350030002E00300030002E00350035002E0038003800580032002E002E0032', '+6282245244819', 'Default_No_Compression', '050003D00401', '+6281107908', -1, 'JF1..05.09X60..50.90X30..55.99.00X10..77.01.75.15.06.08.07.35.65.85.95X6..99.00X5..49.39.29X53..46.45X28..195X4..3195X2..35.65.45X28..05.50.00.55.88X2..2', 78, '', 'false', 0),
('2018-09-02 11:16:05', '2018-09-02 11:15:40', '0032005800310035002E002E003700350035002E003400350035002E003100300035002E003700300035002E003900300035002E003500300039002E00370030003900580035002E002E00300039002E00300035002E0035003500580036002E002E003900350035002E003100350035002E003800350035002E003300350035002E003200350035002E00300035003500580036002E002E00350035002E00300039002E00300035005800310033002E002E0033003500580036002E002E00350033002E00310035002E00350030002E00300039002E0039003000580032002E002E00300031002E00300039002E00300036002E00390030002E00360030002E00340036002E00360034002E00320034002E00340032002E00300032002E00320030002E0033003800580031002E002E0039', '+6282245244819', 'Default_No_Compression', '050003D00402', '+6281107908', -1, '2X15..755.455.105.705.905.509.709X5..09.05.55X6..955.155.855.355.255.055X6..55.09.05X13..35X6..53.15.50.09.90X2..01.09.06.90.60.46.64.24.42.02.20.38X1..9', 79, '', 'false', 0),
('2018-09-02 11:16:05', '2018-09-02 11:15:46', '0030005800310035002E002E003300390038002E003900390038002E003500390038002E00390038002E0038003900580035002E002E0035003000330036002C003000330036002C00330038002C00330036002C00330035002C00340032002C00350034002C00360038002C00360037002C00380039002C00350038002C0039003500580032002E002E00350037002E00370035002E00360034002E00390034005800310030002E002E00310034002E00380034002E00380035002E00350038002E00360036002E00360037002E0037003600580035002E002E003600350036003600580033002E002E003600370036003600580033002E002E003500360036005800310030002E002E003700360036005800310030002E002E00360036005800320035002E002E00340037003000580035', '+6282245244819', 'Default_No_Compression', '050003D00403', '+6281107908', -1, '0X15..398.998.598.98.89X5..5036,036,38,36,35,42,54,68,67,89,58,95X2..57.75.64.94X10..14.84.85.58.66.67.76X5..6566X3..6766X3..566X10..766X10..66X25..470X5', 80, '', 'false', 0),
('2018-09-02 11:16:05', '2018-09-02 11:15:50', '002E002E00370030005800310030002E002E00340032003300580035002E002E00370033005800310030002E002E', '+6282245244819', 'Default_No_Compression', '050003D00404', '+6281107908', -1, '..70X10..423X5..73X10..', 81, '', 'false', 0),
('2018-09-02 11:17:21', '2018-09-02 11:17:13', '002E00310034002E00360039002E00300036002E00320036002E0033003600580036002C002E00340031002E00340036002E00390036005800310035002E002E00320038002E00380032005800330030002E002E00370035002E00370034002E00340037002E00340038005800310030002E002E00310038002E00310039002E00390037002E00390038002E00390039002E00300037002E00300038002E0030003900580035002E002E003100370058003100300030002E002E00330038003400580035002E002E00380034002E00370035005800310030002E002E003300350030002E00350030002E00300035002E0030003000580033002E002E00390035002E00390033002E00380035002E0038003900580035002E002E00340033003500580031002E002E00330035005800310032', '+6282245244819', 'Default_No_Compression', '050003210302', '+6281107908', -1, '.14.69.06.26.36X6,.41.46.96X15..28.82X30..75.74.47.48X10..18.19.97.98.99.07.08.09X5..17X100..384X5..84.75X10..350.50.05.00X3..95.93.85.89X5..435X1..35X12', 83, '', 'false', 0),
('2018-09-02 11:17:21', '2018-09-02 11:17:17', '002E002E00350039005800310035002E002E0039003500580035002E002E0031003200580035002E002E003900320034005800310030002E002E003900390034005800310030002E002E00390034005800340030002E002E00320034005800360030002E002E00340031002E00310034002E00350030002E00300035002E00370033002E00330037002E00390035002E00350039002E00380032002E00380039002E00390039002E003600350039002E003800350039002E0033003600350039002E003300380035003900580033002E002E', '+6282245244819', 'Default_No_Compression', '050003210303', '+6281107908', -1, '..59X15..95X5..12X5..924X10..994X10..94X40..24X60..41.14.50.05.73.37.95.59.82.89.99.659.859.3659.3859X3..', 84, '', 'false', 0),
('2018-09-02 11:18:39', '2018-09-02 11:18:13', '004A00460033002E002E00350031002E00340031002E00330033002E0031003100580036002E002E0034003500310037002E003500310037005800310030002E002E00360031002E00340031002E0030003600580036002E002E0035003400580037002E002E00360031003700580036002E002E003600310039002E00310037002E0031003900580034002E002E0031003700380039002E0031003700390038002E0038003900310037002E003900380031003700580032002E002E003700380039002E003700390038002E003900310037002E00380031003700580033002E002E00380039002E0031003700580038002E002E0039003800580036002E002E003800370030003300580032002E002E00370030003300580033002E002E003400370034003400580032002E002E00370034', '+6282245244819', 'Default_No_Compression', '050003F10401', '+6281107908', -1, 'JF3..51.41.33.11X6..4517.517X10..61.41.06X6..54X7..617X6..619.17.19X4..1789.1798.8917.9817X2..789.798.917.817X3..89.17X8..98X6..8703X2..703X3..4744X2..74', 85, '', 'false', 0),
('2018-09-22 03:45:36', '2018-09-02 11:18:19', '003400580032002E002E00380030003400580032002E002E00330030003400580032002E002E00370030003400580032002E002E00380030003500580032002E002E00330030003500580032002E002E00300033005800310030002E002E00300034005800310030002E002E00300035005800310030002E002E0039003500580033002E002E0037003700580035002E002E0036003600580035002E002E0030003100580035002E002E0032003200580033002E002E0033003900580033002E002E0032003400580033002E002E0037003400580033002E002E0034003400580035002E002E00380034003100580033002E002E0034003100580033002E002E0039003800580034002E002E0037003700580032002E002E0030003100580032002E002E0030003400580032002E002E0030', '+6282245244819', 'Default_No_Compression', '050003F10402', '+6281107908', -1, '4X2..804X2..304X2..704X2..805X2..305X2..03X10..04X10..05X10..95X3..77X5..66X5..01X5..22X3..39X3..24X3..74X3..44X5..841X3..41X3..98X4..77X2..01X2..04X2..0', 86, '', 'false', 0),
('2018-09-22 03:45:36', '2018-09-02 11:18:24', '003500580032002E002E0034003400580032002E002E00330035002E00350033002E00330037002E00370033002E00340035002E00350034002E00340036002E00360034002E00350038002E00380035005800330030002E002E00350031002E00310035002E00350030002E00300035002E00390036002E00360039005800310030002E002E00330031002E00310033002E00330030002E00300033002E00330032002E00320033002E00330038002E00380033002E00330034002E00340033002E00340031002E00310034002E00340038002E00380034002E00340039002E00390034002E00340032002E00320034002E00340037002E00370034002E00350039002E00390035002E00350036002E00360035002E00390031002E00310039002E00390032002E00320039002E00390038', '+6282245244819', 'Default_No_Compression', '050003F10403', '+6281107908', -1, '5X2..44X2..35.53.37.73.45.54.46.64.58.85X30..51.15.50.05.96.69X10..31.13.30.03.32.23.38.83.34.43.41.14.48.84.49.94.42.24.47.74.59.95.56.65.91.19.92.29.98', 87, '', 'false', 0),
('2018-09-22 03:45:36', '2018-09-02 11:18:28', '002E0038003900580033002E002E00390030002E00300039002E00360031002E00310036002E00360030002E00300036002E00360032002E00320036002E00360037002E00370036002E00360038002E00380036002E00370031002E00310037002E00370032002E00320037002E00370030002E00300037002E00370038002E0038003700580031002E002E0031003200320035002E003200320035002E00320035002E0031003200350030002E003200350030002E00350030005800310030002E002E', '+6282245244819', 'Default_No_Compression', '050003F10404', '+6281107908', -1, '.89X3..90.09.61.16.60.06.62.26.67.76.68.86.71.17.72.27.70.07.78.87X1..1225.225.25.1250.250.50X10..', 88, '', 'false', 0),
('2018-09-22 03:45:36', '2018-09-02 11:21:38', '004A00460034002E002E0030003400350037002E0032003100370034002E0030003400370031002E003400350037002E003100370034002E00340037003100580032002E002E0035003700580034002E002E00370035002E00350035002E00370034002E00370031002E00370033002E00330033002E00310039002E0031003100580033002E002E00350039002E00330037002E0032003600580036002E002E003400370034003900580032002E002E00370034003900580033002E002E0034003900580032002E002E00310034002E00300033002E00300035002E00300030002E00390035002E0036003400580033002E002E00330032002E00320035002E00350032002E00320039002E00330031002E00310033002E00350030002E00300035002E00350031002E0031003500580031', '+6282245244819', 'Default_No_Compression', '050003420401', '+6281107908', -1, 'JF4..0457.2174.0471.457.174.471X2..57X4..75.55.74.71.73.33.19.11X3..59.37.26X6..4749X2..749X3..49X2..14.03.05.00.95.64X3..32.25.52.29.31.13.50.05.51.15X1', 89, '', 'false', 0),
('2018-09-22 03:45:36', '2018-09-02 11:21:42', '002E002E00320036003000580036002E002E0036003000580036002E002E00300036002E00360030002E00360036002E0030003000580032002E002E003500320036002E00350036003200580033002E002E0032003600580036002E002E0036003200580033002E002E003100320036003000580033002E002E0031003200300036002E00320030003600580031002E002E00350033002E00330035002E00350034002E00340035002E00350035002E00350036002E00360035002E00350037002E00370035002E00350038002E00380035002E00350039002E00390035002E0036003900580031002E002E0039003200380031002E003900330031003800580031002E002E003200380031002E00330031003800580032002E002E00310038002E0038003100580033002E002E00390031', '+6282245244819', 'Default_No_Compression', '050003420402', '+6281107908', -1, '..260X6..60X6..06.60.66.00X2..526.562X3..26X6..62X3..1260X3..1206.206X1..53.35.54.45.55.56.65.57.75.58.85.59.95.69X1..9281.9318X1..281.318X2..18.81X3..91', 90, '', 'false', 0),
('2018-09-22 03:45:36', '2018-09-02 11:21:50', '00580035002E002E00350033005800320035002E002E003600340035003300580035002E002E003400350033002E003300350033002E003600350033005800310030002E002E003100360033002E00310037003900580031002E002E00360033002E0037003900580032002E002E00330032002E00320035002E00350032002E00320039002E0030003900580031002E002E003900390032003400580032002E002E00390032003400580035002E002E0032003400580035002E002E00330031002E0032003300580031002E002E0031003300580036002E002E0031003400580038002E002E0034003100580038002E002E0033003400580038002E002E0034003300580038002E002E0034003800580038002E002E0038003400580038002E002E0034003900580038002E002E00390034', '+6282245244819', 'Default_No_Compression', '050003420403', '+6281107908', -1, 'X5..53X25..6453X5..453.353.653X10..163.179X1..63.79X2..32.25.52.29.09X1..9924X2..924X5..24X5..31.23X1..13X6..14X8..41X8..34X8..43X8..48X8..84X8..49X8..94', 91, '', 'false', 0),
('2018-09-22 03:45:36', '2018-09-02 11:21:55', '00580038002E002E0033003200330033002E0033003300330032002E003200330033002E003300330032002E00330033002E00330032002E00360030002E00380030002E00330035002E00300033002E00390039002E00330036002E00300039002E00380036002E00310037002E00310038002E0031003000580032002E002E00330036005800350033002E002E00320038005800360035002E002E003100300030005800310033002E002E00300030005800350035002E002E003200330036005800320033002E002E003900320038005800310033002E002E003000390030003800580033002E002E003000380030003900580033002E002E0030003800580035002E002E0030003900580035002E002E0033003500580035002E002E', '+6282245244819', 'Default_No_Compression', '050003420404', '+6281107908', -1, 'X8..3233.3332.233.332.33.32.60.80.35.03.99.36.09.86.17.18.10X2..36X53..28X65..100X13..00X55..236X23..928X13..0908X3..0809X3..08X5..09X5..35X5..', 92, '', 'false', 0),
('2018-09-22 07:52:34', '2018-09-02 11:22:50', '004A00460035002E002E0034003000580035002E002E0035003000580035002E002E0031003400370031002E0031003400380036002E003400370031002E003400380036002E0035003100300036002E003100300036005800310030002E002E00380036002E00370031005800310030002E002E00380034002E0038003100580037002E002E00340036002E0031003600580036002E002E00390031002E00310034002E00310037002E00310039002E00390036002E00320036002E00380032002E00380035002E0031003800580032002E002E00340031002E00310035002E00330036002E00380038002E00310031002E00360036002E0030003600580031002E002E0030003700580032002E002E0037003300580033002E002E00300037003300580031002E002E00360038002E0036', '+6282245244819', 'Default_No_Compression', '050003130201', '+6281107908', -1, 'JF5..40X5..50X5..1471.1486.471.486.5106.106X10..86.71X10..84.81X7..46.16X6..91.14.17.19.96.26.82.85.18X2..41.15.36.88.11.66.06X1..07X2..73X3..073X1..68.6', 93, '', 'false', 1),
('2018-09-22 06:19:22', '2018-09-02 11:22:55', '003900580038002E002E0037003800580036002E002E00380037002E0039003600580031002E002E00380036002E0036003800580033002E002E003100310039002E00310034003100580033002E002E00310039002E00340031002E00370036002E00360030002E00310031002E00350035002E00300030002E00360036002E0038003800580032002E002E00330033002E00320032002E0039003900580031002E002E00310033002E00300033005800310032002E002E00310032002E00380032002E0031003400580033002E002E00380031002E00300032002E00380036002E0030003700580032002E002E00300038002E00300031002E0039003000580031002E002E', '+6282245244819', 'Default_No_Compression', '050003130202', '+6281107908', -1, '9X8..78X6..87.96X1..86.68X3..119.141X3..19.41.76.60.11.55.00.66.88X2..33.22.99X1..13.03X12..12.82.14X3..81.02.86.07X2..08.01.90X1..', 94, '', 'false', 1),
('2018-09-22 03:55:14', '2018-09-02 18:32:36', '', '089668615914', 'Default_No_Compression', 'raka', '', -1, '12@20 123@10', 95, '', 'false', 1),
('2018-09-22 03:49:12', '2018-09-06 17:00:00', '', '089647793930', 'Default_No_Compression', 'Aris', '', -1, 'M.PP@10 M.TSST@10 H.S@15', 96, '', 'false', 1);

--
-- Triggers `inbox`
--
DROP TRIGGER IF EXISTS `inbox_timestamp`;
DELIMITER $$
CREATE TRIGGER `inbox_timestamp` BEFORE INSERT ON `inbox` FOR EACH ROW BEGIN
    IF NEW.ReceivingDateTime = '0000-00-00 00:00:00' THEN
        SET NEW.ReceivingDateTime = CURRENT_TIMESTAMP();
    END IF;
END
$$
DELIMITER ;

-- --------------------------------------------------------

--
-- Table structure for table `member`
--

DROP TABLE IF EXISTS `member`;
CREATE TABLE IF NOT EXISTS `member` (
  `id` int(11) NOT NULL AUTO_INCREMENT,
  `nohp` varchar(14) NOT NULL,
  `nama` varchar(50) NOT NULL,
  `kodeid` varchar(4) NOT NULL,
  `deposit` varchar(100) DEFAULT '0',
  `downline` varchar(10) DEFAULT '2',
  `2d_win` varchar(4) DEFAULT '0',
  `3d_win` varchar(4) DEFAULT '0',
  `4d_win` varchar(4) DEFAULT '0',
  `2d_disc` varchar(4) DEFAULT '0',
  `3d_disc` varchar(4) DEFAULT '0',
  `4d_disc` varchar(4) DEFAULT '0',
  `C_win` varchar(4) DEFAULT '0',
  `C_disc` varchar(4) DEFAULT '0',
  `Jitu_win` varchar(4) DEFAULT '0',
  `Jitu_disc` varchar(4) DEFAULT '0',
  `CM1_win` varchar(4) DEFAULT '0',
  `CM2_win` varchar(4) DEFAULT '0',
  `CM3_win` varchar(4) DEFAULT '0',
  `CM_disc` varchar(4) DEFAULT '0',
  `CN_win` varchar(4) DEFAULT '0',
  `CN_disc` varchar(4) DEFAULT '0',
  `J_win` varchar(4) DEFAULT '0',
  `J_disc` varchar(4) DEFAULT '0',
  `P_win` varchar(4) DEFAULT '0',
  `P_disc` varchar(4) DEFAULT '0',
  `T_win` varchar(4) DEFAULT '0',
  `T_disc` varchar(4) DEFAULT '0',
  `S_win` varchar(4) DEFAULT '0',
  `S_disc` varchar(4) DEFAULT '0',
  `M_win` varchar(4) DEFAULT '0',
  `M_disc` varchar(4) DEFAULT '0',
  `H_win` varchar(4) DEFAULT '0',
  `H_disc` varchar(4) DEFAULT '0',
  PRIMARY KEY (`id`)
) ENGINE=InnoDB AUTO_INCREMENT=7 DEFAULT CHARSET=utf8;

--
-- Dumping data for table `member`
--

INSERT INTO `member` (`id`, `nohp`, `nama`, `kodeid`, `deposit`, `downline`, `2d_win`, `3d_win`, `4d_win`, `2d_disc`, `3d_disc`, `4d_disc`, `C_win`, `C_disc`, `Jitu_win`, `Jitu_disc`, `CM1_win`, `CM2_win`, `CM3_win`, `CM_disc`, `CN_win`, `CN_disc`, `J_win`, `J_disc`, `P_win`, `P_disc`, `T_win`, `T_disc`, `S_win`, `S_disc`, `M_win`, `M_disc`, `H_win`, `H_disc`) VALUES
(2, '089668615914', 'raka', 'AR_1', '250000000', '', '70', '400', '3000', '30', '60', '60', '1.4', '14', '7', '14', '6', '9', '12', '14', '25', '14', '5', '5', '5', '5', '5', '5', '5', '5', '5', '5', '5', '5'),
(3, '089647793930', 'aris', 'MA_1', '350000000', '', '50', '200', '1000', '10', '40', '40', '1', '10', '7', '14', '6', '9', '12', '14', '25', '14', '5', '5', '5', '5', '5', '5', '5', '5', '5', '5', '5', '5'),
(4, '+6282245244819', 'unknown', 'UK', '350000000', '', '50', '200', '1000', '10', '40', '40', '1', '10', '7', '14', '6', '9', '12', '14', '25', '14', '5', '5', '5', '5', '5', '5', '5', '5', '5', '5', '5', '5'),
(5, '+6285236237757', 'silhoute', 'SH', '250000000', '', '70', '400', '3000', '30', '60', '60', '1.4', '14', '7', '14', '6', '9', '12', '14', '25', '14', '5', '5', '5', '5', '5', '5', '5', '5', '5', '5', '5', '5'),
(6, '123456789', 'Tello', 'TL', '1000000', '2', '20', '20', '20', '20', '20', '20', '20', '20', '20', '20', '20', '20', '20', '20', '20', '20', '20', '20', '20', '20', '20', '20', '20', '20', '20', '20', '20', '20');

-- --------------------------------------------------------

--
-- Table structure for table `outbox`
--

DROP TABLE IF EXISTS `outbox`;
CREATE TABLE IF NOT EXISTS `outbox` (
  `UpdatedInDB` timestamp NOT NULL DEFAULT CURRENT_TIMESTAMP ON UPDATE CURRENT_TIMESTAMP,
  `InsertIntoDB` timestamp NOT NULL DEFAULT '0000-00-00 00:00:00',
  `SendingDateTime` timestamp NOT NULL DEFAULT '0000-00-00 00:00:00',
  `SendBefore` time NOT NULL DEFAULT '23:59:59',
  `SendAfter` time NOT NULL DEFAULT '00:00:00',
  `Text` text,
  `DestinationNumber` varchar(20) NOT NULL DEFAULT '',
  `Coding` enum('Default_No_Compression','Unicode_No_Compression','8bit','Default_Compression','Unicode_Compression') NOT NULL DEFAULT 'Default_No_Compression',
  `UDH` text,
  `Class` int(11) DEFAULT '-1',
  `TextDecoded` text NOT NULL,
  `ID` int(10) UNSIGNED NOT NULL AUTO_INCREMENT,
  `MultiPart` enum('false','true') DEFAULT 'false',
  `RelativeValidity` int(11) DEFAULT '-1',
  `SenderID` varchar(255) DEFAULT NULL,
  `SendingTimeOut` timestamp NULL DEFAULT '0000-00-00 00:00:00',
  `DeliveryReport` enum('default','yes','no') DEFAULT 'default',
  `CreatorID` text NOT NULL,
  PRIMARY KEY (`ID`),
  KEY `outbox_date` (`SendingDateTime`,`SendingTimeOut`),
  KEY `outbox_sender` (`SenderID`)
) ENGINE=MyISAM AUTO_INCREMENT=11 DEFAULT CHARSET=utf8;

--
-- Dumping data for table `outbox`
--

INSERT INTO `outbox` (`UpdatedInDB`, `InsertIntoDB`, `SendingDateTime`, `SendBefore`, `SendAfter`, `Text`, `DestinationNumber`, `Coding`, `UDH`, `Class`, `TextDecoded`, `ID`, `MultiPart`, `RelativeValidity`, `SenderID`, `SendingTimeOut`, `DeliveryReport`, `CreatorID`) VALUES
('2018-09-22 09:09:08', '2018-09-22 09:09:08', '2018-09-22 09:09:08', '23:59:59', '00:00:00', NULL, '089668615914', 'Default_No_Compression', NULL, -1, 'Win: 0, Lose: 2, Total: - Rp18.000', 10, 'false', -1, NULL, '2018-09-22 09:09:08', 'default', 'Gammu'),
('2018-09-22 09:09:08', '2018-09-22 09:09:08', '2018-09-22 09:09:08', '23:59:59', '00:00:00', NULL, '089647793930', 'Default_No_Compression', NULL, -1, 'Win: 2, Lose: 2, Total: Rp84.250', 9, 'false', -1, NULL, '2018-09-22 09:09:08', 'default', 'Gammu');

--
-- Triggers `outbox`
--
DROP TRIGGER IF EXISTS `outbox_timestamp`;
DELIMITER $$
CREATE TRIGGER `outbox_timestamp` BEFORE INSERT ON `outbox` FOR EACH ROW BEGIN
    IF NEW.InsertIntoDB = '0000-00-00 00:00:00' THEN
        SET NEW.InsertIntoDB = CURRENT_TIMESTAMP();
    END IF;
    IF NEW.SendingDateTime = '0000-00-00 00:00:00' THEN
        SET NEW.SendingDateTime = CURRENT_TIMESTAMP();
    END IF;
    IF NEW.SendingTimeOut = '0000-00-00 00:00:00' THEN
        SET NEW.SendingTimeOut = CURRENT_TIMESTAMP();
    END IF;
END
$$
DELIMITER ;

-- --------------------------------------------------------

--
-- Table structure for table `outbox_multipart`
--

DROP TABLE IF EXISTS `outbox_multipart`;
CREATE TABLE IF NOT EXISTS `outbox_multipart` (
  `Text` text,
  `Coding` enum('Default_No_Compression','Unicode_No_Compression','8bit','Default_Compression','Unicode_Compression') NOT NULL DEFAULT 'Default_No_Compression',
  `UDH` text,
  `Class` int(11) DEFAULT '-1',
  `TextDecoded` text,
  `ID` int(10) UNSIGNED NOT NULL DEFAULT '0',
  `SequencePosition` int(11) NOT NULL DEFAULT '1',
  PRIMARY KEY (`ID`,`SequencePosition`)
) ENGINE=MyISAM DEFAULT CHARSET=utf8;

-- --------------------------------------------------------

--
-- Table structure for table `pbk`
--

DROP TABLE IF EXISTS `pbk`;
CREATE TABLE IF NOT EXISTS `pbk` (
  `ID` int(11) NOT NULL AUTO_INCREMENT,
  `GroupID` int(11) NOT NULL DEFAULT '-1',
  `Name` text NOT NULL,
  `Number` text NOT NULL,
  PRIMARY KEY (`ID`)
) ENGINE=MyISAM DEFAULT CHARSET=utf8;

-- --------------------------------------------------------

--
-- Table structure for table `pbk_groups`
--

DROP TABLE IF EXISTS `pbk_groups`;
CREATE TABLE IF NOT EXISTS `pbk_groups` (
  `Name` text NOT NULL,
  `ID` int(11) NOT NULL AUTO_INCREMENT,
  PRIMARY KEY (`ID`)
) ENGINE=MyISAM DEFAULT CHARSET=utf8;

-- --------------------------------------------------------

--
-- Table structure for table `phones`
--

DROP TABLE IF EXISTS `phones`;
CREATE TABLE IF NOT EXISTS `phones` (
  `ID` text NOT NULL,
  `UpdatedInDB` timestamp NOT NULL DEFAULT CURRENT_TIMESTAMP ON UPDATE CURRENT_TIMESTAMP,
  `InsertIntoDB` timestamp NOT NULL DEFAULT '0000-00-00 00:00:00',
  `TimeOut` timestamp NOT NULL DEFAULT '0000-00-00 00:00:00',
  `Send` enum('yes','no') NOT NULL DEFAULT 'no',
  `Receive` enum('yes','no') NOT NULL DEFAULT 'no',
  `IMEI` varchar(35) NOT NULL,
  `Client` text NOT NULL,
  `Battery` int(11) NOT NULL DEFAULT '-1',
  `Signal` int(11) NOT NULL DEFAULT '-1',
  `Sent` int(11) NOT NULL DEFAULT '0',
  `Received` int(11) NOT NULL DEFAULT '0',
  PRIMARY KEY (`IMEI`)
) ENGINE=MyISAM DEFAULT CHARSET=utf8;

--
-- Triggers `phones`
--
DROP TRIGGER IF EXISTS `phones_timestamp`;
DELIMITER $$
CREATE TRIGGER `phones_timestamp` BEFORE INSERT ON `phones` FOR EACH ROW BEGIN
    IF NEW.InsertIntoDB = '0000-00-00 00:00:00' THEN
        SET NEW.InsertIntoDB = CURRENT_TIMESTAMP();
    END IF;
    IF NEW.TimeOut = '0000-00-00 00:00:00' THEN
        SET NEW.TimeOut = CURRENT_TIMESTAMP();
    END IF;
END
$$
DELIMITER ;

-- --------------------------------------------------------

--
-- Table structure for table `sentitems`
--

DROP TABLE IF EXISTS `sentitems`;
CREATE TABLE IF NOT EXISTS `sentitems` (
  `UpdatedInDB` timestamp NOT NULL DEFAULT CURRENT_TIMESTAMP ON UPDATE CURRENT_TIMESTAMP,
  `InsertIntoDB` timestamp NOT NULL DEFAULT '0000-00-00 00:00:00',
  `SendingDateTime` timestamp NOT NULL DEFAULT '0000-00-00 00:00:00',
  `DeliveryDateTime` timestamp NULL DEFAULT NULL,
  `Text` text NOT NULL,
  `DestinationNumber` varchar(20) NOT NULL DEFAULT '',
  `Coding` enum('Default_No_Compression','Unicode_No_Compression','8bit','Default_Compression','Unicode_Compression') NOT NULL DEFAULT 'Default_No_Compression',
  `UDH` text NOT NULL,
  `SMSCNumber` varchar(20) NOT NULL DEFAULT '',
  `Class` int(11) NOT NULL DEFAULT '-1',
  `TextDecoded` text NOT NULL,
  `ID` int(10) UNSIGNED NOT NULL DEFAULT '0',
  `SenderID` varchar(255) NOT NULL,
  `SequencePosition` int(11) NOT NULL DEFAULT '1',
  `Status` enum('SendingOK','SendingOKNoReport','SendingError','DeliveryOK','DeliveryFailed','DeliveryPending','DeliveryUnknown','Error') NOT NULL DEFAULT 'SendingOK',
  `StatusError` int(11) NOT NULL DEFAULT '-1',
  `TPMR` int(11) NOT NULL DEFAULT '-1',
  `RelativeValidity` int(11) NOT NULL DEFAULT '-1',
  `CreatorID` text NOT NULL,
  PRIMARY KEY (`ID`,`SequencePosition`),
  KEY `sentitems_date` (`DeliveryDateTime`),
  KEY `sentitems_tpmr` (`TPMR`),
  KEY `sentitems_dest` (`DestinationNumber`),
  KEY `sentitems_sender` (`SenderID`)
) ENGINE=MyISAM DEFAULT CHARSET=utf8;

--
-- Triggers `sentitems`
--
DROP TRIGGER IF EXISTS `sentitems_timestamp`;
DELIMITER $$
CREATE TRIGGER `sentitems_timestamp` BEFORE INSERT ON `sentitems` FOR EACH ROW BEGIN
    IF NEW.InsertIntoDB = '0000-00-00 00:00:00' THEN
        SET NEW.InsertIntoDB = CURRENT_TIMESTAMP();
    END IF;
    IF NEW.SendingDateTime = '0000-00-00 00:00:00' THEN
        SET NEW.SendingDateTime = CURRENT_TIMESTAMP();
    END IF;
END
$$
DELIMITER ;

-- --------------------------------------------------------

--
-- Table structure for table `sms_out`
--

DROP TABLE IF EXISTS `sms_out`;
CREATE TABLE IF NOT EXISTS `sms_out` (
  `id` int(11) NOT NULL AUTO_INCREMENT,
  `inbox_id` int(11) NOT NULL,
  `member_id` int(11) NOT NULL,
  `win` text NOT NULL,
  `lose` text NOT NULL,
  `total` text NOT NULL,
  `total_makan` text NOT NULL,
  `total_dealer` text NOT NULL,
  PRIMARY KEY (`id`),
  KEY `member_id` (`member_id`),
  KEY `inbox_id` (`inbox_id`)
) ENGINE=InnoDB AUTO_INCREMENT=3 DEFAULT CHARSET=latin1;

--
-- Dumping data for table `sms_out`
--

INSERT INTO `sms_out` (`id`, `inbox_id`, `member_id`, `win`, `lose`, `total`, `total_makan`, `total_dealer`) VALUES
(1, 96, 3, '2', '2', '84.25', '44.75', '39.5'),
(2, 95, 2, '0', '2', '-18', '-5.5', '-12.5');

-- --------------------------------------------------------

--
-- Table structure for table `split`
--

DROP TABLE IF EXISTS `split`;
CREATE TABLE IF NOT EXISTS `split` (
  `id` int(11) NOT NULL AUTO_INCREMENT,
  `member_id` int(11) NOT NULL,
  `kode` varchar(10) COLLATE utf8_unicode_ci DEFAULT NULL,
  `angka` varchar(5) COLLATE utf8_unicode_ci NOT NULL,
  `nominal` varchar(4) COLLATE utf8_unicode_ci NOT NULL,
  `inbox_id` int(11) NOT NULL,
  `tanggal` date NOT NULL,
  `isProcessed` int(1) NOT NULL DEFAULT '0',
  `nom_makan` varchar(4) COLLATE utf8_unicode_ci NOT NULL DEFAULT '0',
  `nom_dealer` varchar(4) COLLATE utf8_unicode_ci NOT NULL DEFAULT '0',
  PRIMARY KEY (`id`)
) ENGINE=InnoDB AUTO_INCREMENT=43 DEFAULT CHARSET=utf8 COLLATE=utf8_unicode_ci;

--
-- Dumping data for table `split`
--

INSERT INTO `split` (`id`, `member_id`, `kode`, `angka`, `nominal`, `inbox_id`, `tanggal`, `isProcessed`, `nom_makan`, `nom_dealer`) VALUES
(1, 3, 'M.PP', '', '10', 96, '2018-09-22', 1, '5', '5'),
(2, 3, 'M.TSST', '', '10', 96, '2018-09-22', 1, '5', '5'),
(3, 3, 'H.S', '', '15', 96, '2018-09-22', 1, '5', '10'),
(4, 2, '2d', '12', '20', 95, '2018-09-22', 1, '5', '15'),
(5, 2, '3d', '123', '10', 95, '2018-09-22', 1, '5', '5'),
(6, 4, '2d', '92', '8', 94, '2018-09-22', 0, '1', '7'),
(7, 4, '2d', '78', '6', 94, '2018-09-22', 0, '1', '5'),
(8, 4, '2d', '87', '1', 94, '2018-09-22', 0, '1', '0'),
(9, 4, '2d', '96', '1', 94, '2018-09-22', 0, '1', '0'),
(10, 4, '2d', '86', '3', 94, '2018-09-22', 0, '1', '2'),
(11, 4, '2d', '68', '3', 94, '2018-09-22', 0, '1', '2'),
(12, 4, '3d', '119', '3', 94, '2018-09-22', 0, '1', '2'),
(13, 4, '3d', '141', '3', 94, '2018-09-22', 0, '1', '2'),
(14, 4, '2d', '19', '2', 94, '2018-09-22', 0, '1', '1'),
(15, 4, '2d', '41', '2', 94, '2018-09-22', 0, '1', '1'),
(16, 4, '2d', '76', '2', 94, '2018-09-22', 0, '1', '1'),
(17, 4, '2d', '60', '2', 94, '2018-09-22', 0, '1', '1'),
(18, 4, '2d', '11', '2', 94, '2018-09-22', 0, '1', '1'),
(19, 4, '2d', '55', '2', 94, '2018-09-22', 0, '1', '1'),
(20, 4, '2d', '00', '2', 94, '2018-09-22', 0, '1', '1'),
(21, 4, '2d', '66', '2', 94, '2018-09-22', 0, '1', '1'),
(22, 4, '2d', '88', '2', 94, '2018-09-22', 0, '1', '1'),
(23, 4, '2d', '33', '1', 94, '2018-09-22', 0, '1', '0'),
(24, 4, '2d', '22', '1', 94, '2018-09-22', 0, '1', '0'),
(25, 4, '2d', '99', '1', 94, '2018-09-22', 0, '1', '0'),
(26, 4, '2d', '13', '12', 94, '2018-09-22', 0, '1', '11'),
(27, 4, '2d', '03', '12', 94, '2018-09-22', 0, '1', '11'),
(28, 4, '2d', '12', '3', 94, '2018-09-22', 0, '1', '2'),
(29, 4, '2d', '82', '3', 94, '2018-09-22', 0, '1', '2'),
(30, 4, '2d', '14', '3', 94, '2018-09-22', 0, '1', '2'),
(31, 4, '2d', '81', '2', 94, '2018-09-22', 0, '1', '1'),
(32, 4, '2d', '02', '2', 94, '2018-09-22', 0, '1', '1'),
(33, 4, '2d', '86', '2', 94, '2018-09-22', 0, '1', '1'),
(34, 4, '2d', '07', '2', 94, '2018-09-22', 0, '1', '1'),
(35, 4, '2d', '08', '1', 94, '2018-09-22', 0, '1', '0'),
(36, 4, '2d', '01', '1', 94, '2018-09-22', 0, '1', '0'),
(37, 4, '2d', '90', '1', 94, '2018-09-22', 0, '1', '0'),
(38, 4, 'C.KP', '5', '10', 93, '2018-09-22', 0, '1', '9'),
(39, 4, 'CM', '82', '10', 93, '2018-09-22', 0, '1', '9'),
(40, 4, 'CN', '852', '10', 93, '2018-09-22', 0, '1', '9'),
(41, 4, 'M.TS', '', '10', 93, '2018-09-22', 0, '1', '9'),
(42, 4, 'H.P', '', '10', 93, '2018-09-22', 0, '1', '9');

--
-- Triggers `split`
--
DROP TRIGGER IF EXISTS `Change_Filtered`;
DELIMITER $$
CREATE TRIGGER `Change_Filtered` BEFORE DELETE ON `split` FOR EACH ROW UPDATE inbox SET isFiltered = 0 WHERE id = OLD.inbox_id
$$
DELIMITER ;
COMMIT;

/*!40101 SET CHARACTER_SET_CLIENT=@OLD_CHARACTER_SET_CLIENT */;
/*!40101 SET CHARACTER_SET_RESULTS=@OLD_CHARACTER_SET_RESULTS */;
/*!40101 SET COLLATION_CONNECTION=@OLD_COLLATION_CONNECTION */;
